id,name,age,salary,department
1,Alice,25.0,50000.0,IT
2,Bob,30.0,60000.0,HR
3,Alice,28.833333333333332,55000.0,Finance
4,Diana,28.0,58333.333333333336,IT
5,Eve,34.20833333333333,70833.33333333334,IT
1. 결측값 처리 (수치형은 평균값,범주형은 최빈값으로),28.833333333333332,58333.333333333336,IT
