{
  "timestamp": "2025-07-13T20:57:50.657898",
  "routing_results": {
    "orchestrator": {
      "status": "healthy",
      "total_requests": 9,
      "successful_requests": 9,
      "failed_requests": 0,
      "error_rate": 0.0,
      "response_times": {
        "avg": 6.121550930870904,
        "median": 6.391315937042236,
        "min": 2.6167078018188477,
        "max": 9.32824993133545,
        "p95": 9.32824993133545,
        "p99": 9.32824993133545
      },
      "memory_usage": {
        "avg_delta_mb": -15.480902777777779,
        "max_delta_mb": 46.59375,
        "min_delta_mb": -294.96875
      },
      "cpu_usage": {
        "avg_delta_percent": 8.188888888888888,
        "max_delta_percent": 31.8
      },
      "performance_grade": "D"
    },
    "data_cleaning": {
      "status": "healthy",
      "total_requests": 9,
      "successful_requests": 9,
      "failed_requests": 0,
      "error_rate": 0.0,
      "response_times": {
        "avg": 0.007575882805718316,
        "median": 0.0036890506744384766,
        "min": 0.00257110595703125,
        "max": 0.041647911071777344,
        "p95": 0.041647911071777344,
        "p99": 0.041647911071777344
      },
      "memory_usage": {
        "avg_delta_mb": -0.14930555555555555,
        "max_delta_mb": 0.234375,
        "min_delta_mb": -1.71875
      },
      "cpu_usage": {
        "avg_delta_percent": 11.244444444444444,
        "max_delta_percent": 60.0
      },
      "performance_grade": "A"
    },
    "data_loader": {
      "status": "healthy",
      "total_requests": 9,
      "successful_requests": 9,
      "failed_requests": 0,
      "error_rate": 0.0,
      "response_times": {
        "avg": 0.00236866209242079,
        "median": 0.001583099365234375,
        "min": 0.0013780593872070312,
        "max": 0.008580923080444336,
        "p95": 0.008580923080444336,
        "p99": 0.008580923080444336
      },
      "memory_usage": {
        "avg_delta_mb": 0.0,
        "max_delta_mb": 0.0,
        "min_delta_mb": 0.0
      },
      "cpu_usage": {
        "avg_delta_percent": 0.0,
        "max_delta_percent": 0.0
      },
      "performance_grade": "A"
    },
    "data_visualization": {
      "status": "healthy",
      "total_requests": 9,
      "successful_requests": 9,
      "failed_requests": 0,
      "error_rate": 0.0,
      "response_times": {
        "avg": 0.004397153854370117,
        "median": 0.0023241043090820312,
        "min": 0.0020139217376708984,
        "max": 0.020228147506713867,
        "p95": 0.020228147506713867,
        "p99": 0.020228147506713867
      },
      "memory_usage": {
        "avg_delta_mb": 0.0,
        "max_delta_mb": 0.0,
        "min_delta_mb": 0.0
      },
      "cpu_usage": {
        "avg_delta_percent": 0.0,
        "max_delta_percent": 0.0
      },
      "performance_grade": "A"
    },
    "data_wrangling": {
      "status": "degraded",
      "total_requests": 9,
      "successful_requests": 8,
      "failed_requests": 1,
      "error_rate": 0.1111111111111111,
      "response_times": {
        "avg": 17.212351977825165,
        "median": 14.163758873939514,
        "min": 12.39839482307434,
        "max": 28.259814023971558,
        "p95": 28.259814023971558,
        "p99": 28.259814023971558
      },
      "memory_usage": {
        "avg_delta_mb": -13.8359375,
        "max_delta_mb": 71.03125,
        "min_delta_mb": -87.046875
      },
      "cpu_usage": {
        "avg_delta_percent": 20.162499999999998,
        "max_delta_percent": 34.8
      },
      "performance_grade": "F"
    },
    "feature_engineering": {
      "status": "healthy",
      "total_requests": 9,
      "successful_requests": 9,
      "failed_requests": 0,
      "error_rate": 0.0,
      "response_times": {
        "avg": 12.361761861377293,
        "median": 12.46094274520874,
        "min": 8.27709698677063,
        "max": 16.656943798065186,
        "p95": 16.656943798065186,
        "p99": 16.656943798065186
      },
      "memory_usage": {
        "avg_delta_mb": 2.6475694444444446,
        "max_delta_mb": 120.125,
        "min_delta_mb": -180.640625
      },
      "cpu_usage": {
        "avg_delta_percent": 29.2,
        "max_delta_percent": 47.3
      },
      "performance_grade": "F"
    },
    "sql_database": {
      "status": "healthy",
      "total_requests": 9,
      "successful_requests": 9,
      "failed_requests": 0,
      "error_rate": 0.0,
      "response_times": {
        "avg": 6.831755956013997,
        "median": 6.40778923034668,
        "min": 5.697071313858032,
        "max": 8.73743224143982,
        "p95": 8.73743224143982,
        "p99": 8.73743224143982
      },
      "memory_usage": {
        "avg_delta_mb": -10.34548611111111,
        "max_delta_mb": 156.0625,
        "min_delta_mb": -199.65625
      },
      "cpu_usage": {
        "avg_delta_percent": 22.933333333333334,
        "max_delta_percent": 46.3
      },
      "performance_grade": "D"
    },
    "eda_tools": {
      "status": "healthy",
      "total_requests": 9,
      "successful_requests": 9,
      "failed_requests": 0,
      "error_rate": 0.0,
      "response_times": {
        "avg": 1.2160729302300348,
        "median": 1.1128871440887451,
        "min": 0.46845531463623047,
        "max": 3.129020929336548,
        "p95": 3.129020929336548,
        "p99": 3.129020929336548
      },
      "memory_usage": {
        "avg_delta_mb": 6.776041666666667,
        "max_delta_mb": 40.875,
        "min_delta_mb": -11.71875
      },
      "cpu_usage": {
        "avg_delta_percent": 20.455555555555556,
        "max_delta_percent": 33.6
      },
      "performance_grade": "A"
    },
    "h2o_modeling": {
      "status": "healthy",
      "total_requests": 9,
      "successful_requests": 9,
      "failed_requests": 0,
      "error_rate": 0.0,
      "response_times": {
        "avg": 0.5051298141479492,
        "median": 0.5033197402954102,
        "min": 0.5030069351196289,
        "max": 0.5162308216094971,
        "p95": 0.5162308216094971,
        "p99": 0.5162308216094971
      },
      "memory_usage": {
        "avg_delta_mb": 3.4010416666666665,
        "max_delta_mb": 18.234375,
        "min_delta_mb": -3.828125
      },
      "cpu_usage": {
        "avg_delta_percent": 26.433333333333334,
        "max_delta_percent": 36.1
      },
      "performance_grade": "A"
    },
    "mlflow_tracking": {
      "status": "healthy",
      "total_requests": 9,
      "successful_requests": 9,
      "failed_requests": 0,
      "error_rate": 0.0,
      "response_times": {
        "avg": 0.5162424776289198,
        "median": 0.5044910907745361,
        "min": 0.5024580955505371,
        "max": 0.596923828125,
        "p95": 0.596923828125,
        "p99": 0.596923828125
      },
      "memory_usage": {
        "avg_delta_mb": -22.03298611111111,
        "max_delta_mb": 39.296875,
        "min_delta_mb": -124.015625
      },
      "cpu_usage": {
        "avg_delta_percent": 38.32222222222222,
        "max_delta_percent": 85.4
      },
      "performance_grade": "A"
    },
    "pandas_data_analyst": {
      "status": "healthy",
      "total_requests": 9,
      "successful_requests": 9,
      "failed_requests": 0,
      "error_rate": 0.0,
      "response_times": {
        "avg": 16.023044374254013,
        "median": 16.129377126693726,
        "min": 7.87477707862854,
        "max": 22.76710605621338,
        "p95": 22.76710605621338,
        "p99": 22.76710605621338
      },
      "memory_usage": {
        "avg_delta_mb": 0.8663194444444444,
        "max_delta_mb": 270.984375,
        "min_delta_mb": -119.109375
      },
      "cpu_usage": {
        "avg_delta_percent": 24.81111111111111,
        "max_delta_percent": 51.8
      },
      "performance_grade": "F"
    }
  },
  "overall_analysis": {
    "system_health": "warning",
    "agent_status_summary": {
      "healthy": 10,
      "degraded": 1,
      "failed": 0,
      "total": 11
    },